name,availability,price
Name of domain,Availability of domain,price of domain
Name of domain,Availability of domain,price of domain
Name of domain,Availability of domain,price of domain
Name of domain,Availability of domain,price of domain
EduTrails,False,N/A
PathPursue,True,10690000
Capabilitas,False,N/A
Knowva,False,N/A
GuidEd,False,N/A
Expandil,False,N/A
EduVesto,False,N/A
PotentiaLearn,True,10690000
UnivoPath,True,10690000
LearnLytics,False,N/A
EduSplor,True,10690000
HorizonEd,False,N/A
InteliQuest,False,N/A
SkilSignal,True,10690000
DiscovEd,False,N/A
VergeLearn,False,N/A
LimitLearn,True,10690000
EstuNav,True,10690000
LearnLeaps,True,10690000
TrekEd,False,N/A
Pupilorbit,True,10690000
LibLearn,True,10690000
EduExpanse,False,N/A
Capazon,False,N/A
EdJourney.,,
Edvocator,False,N/A
Mindscape,False,N/A
SkillBlaze,False,N/A
Tutormind,False,N/A
Unicrafts,False,N/A
LearnBloom,False,N/A
Unividient,True,10690000
Educatalyst,False,N/A
ElevatEd,False,N/A
Scholarlyze,True,10690000
Polyunity,False,N/A
PinnaclePath,False,N/A
VarsityEdge,False,N/A
Intuitella,False,N/A
WisdomWard,False,N/A
Brightivist,True,10690000
Guidelynx,False,N/A
EmpowerEsteem,True,10690000
InsightIgnite,False,N/A
EduEmpower,False,N/A
NexusNurture,False,N/A
SmartStride,False,N/A
PathwayProg,True,10690000
Trailglow,False,N/A
ArcLearna,True,10690000
OptimaOrg,True,10690000
LeapAxis,False,N/A
ScholarSphere,False,N/A
Unimarv,True,10690000
MasterMentor,False,N/A
Edupath,False,N/A
LearnBlaze,False,N/A
CoeduReach,True,10690000
KnowRidge,False,N/A
Scholarmark,False,N/A
Navigead,True,10690000
Unibox,False,N/A
PathGlow,False,N/A
Intelicurve,True,10690000
Resourspark,True,10690000
SkillTrail,False,N/A
StudyAmp,False,N/A
Brillibrain,True,10690000
GuideGlow,False,N/A
StudySphere,False,N/A
LearnPeak,False,N/A
EduVenture,False,N/A
KnowFlight,False,N/A
SkillSpot,False,N/A
UniRover,False,N/A
EduGuidex,True,10690000
PathBlazer,False,N/A
SkilLedger,False,N/A
LearnPioneer,False,N/A
AcademiVoyage,True,10690000
ScholarWay,False,N/A
PotentialPath,False,N/A
CapableCademy,True,10690000
UniNavigater,True,10690000
KnowExpora,True,10690000
EduFrontiers,False,N/A
GuideGazer,True,10690000
SchoolCrafter,True,10690000
BeaconBrains,True,10690000
QuestCademy,True,10690000
VirtuVenture,False,N/A
ScholarSphere,False,N/A
BrightBridges,False,N/A
UniverSeeker,False,N/A
GrowthGlider,False,N/A
Edunavigate,False,N/A
KnowPath,False,N/A
Edvisionary,True,10690000
Learnablaze,True,10690000
Intellexplore,True,10690000
ScholarSphere,False,N/A
Guidapathi,True,10690000
Punchedu,True,10690000
Educablast,True,10690000
PathMerge,True,10690000
OmniLearner,False,N/A
EduEmblaze,True,10690000
Scholarnova,False,N/A
Intellicourse,False,N/A
GnosiaPath,True,10690000
MarchLearner,True,10690000
GrowthGrid,False,N/A
Educoboard,True,10690000
FathomForge,False,N/A
Virtucharter,True,10690000
Navigatora,False,N/A
Guidvance,True,10690000
Capablend,True,10690000
Quillpath,False,N/A
VerityVista,False,N/A
